job_title,company_name,location,work_type,salary,_scrape_timestamp,min_salary_numeric,max_salary_numeric,avg_salary_numeric
Data Analyst,PT Matahari Department Store Tbk,"Karawaci, Banten",Full Time,Not Disclosed,2025-11-24T11:33:16.277561,,,
Data Analyst Intern,"PT Surya Semesta Internusa, Tbk","Jakarta Selatan, Jakarta Raya",Paruh Waktu,Not Disclosed,2025-11-24T11:33:32.629908,,,
Data Analyst Supervisor,PT Pangan Lestari,"Surabaya, Jawa Timur",Full Time,Not Disclosed,2025-11-24T11:33:48.982129,,,
Data Analyst,PT 8 ELEMENTS,"Jakarta Barat, Jakarta Raya",Full Time,Not Disclosed,2025-11-24T11:34:05.465459,,,
Data Analyst,PT Quadra Inti Solusi,"Bogor, Jawa Barat",Full Time,Not Disclosed,2025-11-24T11:34:22.379464,,,
Data Analyst,PT Sindang Pratama Jaya,"Cirebon, Jawa Barat",Full Time,Rp 10.000.000 per month,2025-11-24T11:34:23.453649,10000000.0,10000000.0,10000000.0
Data Analyst,Pengiklan Anonim,"Kabupaten Bekasi, Jawa Barat",Full Time,Not Disclosed,2025-11-24T11:34:39.846716,,,
Data Analyst,NucleusX B.V,"South Denpasar, Bali",Full Time,Rp 10.000.000 – Rp 14.000.000 per month,2025-11-24T11:34:40.883508,10000000.0,14000000.0,12000000.0
Data Analyst Staff,PT Sukanda Djaya,"Cibitung, Jawa Barat",Full Time,Not Disclosed,2025-11-24T11:34:57.312279,,,
Data Analyst,PT ACCENTUATES,Jakarta Raya,Full Time,Rp 6.000.000 – Rp 7.000.000 per month,2025-11-24T11:34:58.318458,6000000.0,7000000.0,6500000.0
Senior Data Scientist,PT PEFINDO Biro Kredit,"Jakarta Selatan, Jakarta Raya
(Hibrid)",Full Time,Not Disclosed,2025-11-24T11:35:14.229278,,,
Data Analis,PT Suriatama,Jakarta Raya,Kasual,Not Disclosed,2025-11-24T11:35:30.631052,,,
OSINT Analyst/Investigator (People Search),PT. Bukit Silikon Indonesia,"Jakarta Barat, Jakarta Raya
(Hibrid)",Full Time,Rp 7.500.000 – Rp 9.500.000 per month,2025-11-24T11:35:31.694921,7500000.0,9500000.0,8500000.0
Data Analyst,Pengiklan Anonim,"Jakarta Selatan, Jakarta Raya
(Hibrid)",Full Time,Rp 6.750.000 – Rp 9.500.000 per month,2025-11-24T11:35:32.840986,6750000.0,9500000.0,8125000.0
Data Analyst (Product-Focused),Demandlane,"Jakarta Raya
(Jarak Jauh)",Full Time,Not Disclosed,2025-11-24T11:35:48.750797,,,
Data Engineer,PT Kamoro Maxima Integra,"Jakarta Selatan, Jakarta Raya
(Hibrid)",Full Time,Not Disclosed,2025-11-24T11:36:05.144499,,,
Data & System Analyst Staff (HSE & GA),PT Impack Pratama Industri Tbk,"Cikarang Pusat, Jawa Barat",Full Time,Not Disclosed,2025-11-24T11:36:21.201005,,,
Data Analyst (Spare Part),"PT SMART,Tbk","Jakarta Pusat, Jakarta Raya",Full Time,Not Disclosed,2025-11-24T11:36:53.456611,,,
Dosen Prodi Data Science (UBM Kampus Serpong),Universitas Bunda Mulia (Yayasan Pendidikan Bunda Mulia ),"Tangerang, Banten",Full Time,Not Disclosed,2025-11-24T11:37:09.825044,,,
Data Analyst Officer,PT CITARASA PRIMA INDONESIA BERJAYA,"Jakarta Selatan, Jakarta Raya",Kontrak/Temporer,Not Disclosed,2025-11-24T11:37:26.129731,,,
Data Analytics & Machine Learning Consultant - Entry Level,Datapower,"Jakarta Barat, Jakarta Raya",Full Time,Not Disclosed,2025-11-24T11:37:42.463859,,,
CRM Specialist & Data Analyst,Poda Eliquid Company(Bandung),"Bandung, Jawa Barat",Kontrak/Temporer,Rp 4.500.000 – Rp 5.000.000 per month,2025-11-24T11:37:43.366464,4500000.0,5000000.0,4750000.0
Machine Learning Staff *Remote Work - IT Consulting - Jakarta (B-85456),RGF HR Agent Indonesia,Jakarta Raya,Full Time,Rp 16.000.000 – Rp 24.000.000 per month,2025-11-24T11:37:44.279177,16000000.0,24000000.0,20000000.0
Data Analyst Database Access (English Speaker),PT.PUNINAR ANJI NYK LOGISTICS INDONESIA,"Bekasi, Jawa Barat",Full Time,Not Disclosed,2025-11-24T11:38:00.552443,,,
Data Analyst,PT Main Games Indonesia (Jakarta),"Jakarta Selatan, Jakarta Raya",Kontrak/Temporer,Not Disclosed,2025-11-24T11:38:16.939534,,,
Data Scientist (Gen-AI Focused),NucleusX B.V,"South Denpasar, Bali",Full Time,Rp 12.000.000 – Rp 18.000.000 per month,2025-11-24T11:38:17.854063,12000000.0,18000000.0,15000000.0
Data Engineer,TUNTUN SEKURITAS INDONESIA,"Jakarta Utara, Jakarta Raya",Full Time,Not Disclosed,2025-11-24T11:38:34.218145,,,
Data Analyst Consultant,PT Sodexo Sinergi Indonesia,Jakarta Raya,Kontrak/Temporer,Rp 7.500.000 – Rp 10.000.000 per month,2025-11-24T11:38:35.081086,7500000.0,10000000.0,8750000.0
Payroll Processor,PT Intikom Berlian Mustika,"Jakarta Selatan, Jakarta Raya",Full Time,Not Disclosed,2025-11-24T11:38:51.423030,,,
AI Specialist – Machine Learning Model Developer,PT Allure Alluminio,"Jakarta Utara, Jakarta Raya",Full Time,Not Disclosed,2025-11-24T11:39:07.903106,,,
Ai Trainer,PT Mitra Koleksi Mandiri,"Tangerang, Banten",Full Time,Rp 4.000.000 per month,2025-11-24T11:39:08.789155,4000000.0,4000000.0,4000000.0
Data Analytics Engineer,Sadhana Ekapraya Amitra PT,"Jakarta Barat, Jakarta Raya",Full Time,Not Disclosed,2025-11-24T11:39:31.920699,,,
Data Analyst Teknik,PT. Best Agro International,"Jakarta Selatan, Jakarta Raya",Full Time,Not Disclosed,2025-11-24T11:39:48.201800,,,
Data Analyst,PT Trinusa Travelindo,Jakarta Raya,Full Time,Not Disclosed,2025-11-24T11:40:04.530393,,,
Soil Health Officer,PT Timbang Deli Indonesia,"Galang, Sumatera Utara",Full Time,Not Disclosed,2025-11-24T11:40:20.912283,,,
Data Support Staff,Sumber Berkat Group,"Jakarta Pusat, Jakarta Raya",Full Time,Not Disclosed,2025-11-24T11:40:37.221625,,,
Data Analyst,A&W Restaurants Indonesia,"Jakarta Utara, Jakarta Raya",Full Time,Not Disclosed,2025-11-24T11:40:53.494755,,,
Senior Data Scientist (Analytics) - Transaction Platform,PT Solusi Transportasi Indonesia,Jakarta Raya,Full Time,Not Disclosed,2025-11-24T11:41:09.831382,,,
Officer Data Scientist,Infomedia,"Kebayoran Lama, Jakarta Raya",Kontrak/Temporer,Not Disclosed,2025-11-24T11:41:26.149582,,,
Data Engineer (Project Base),PT Mitra Solusi Telematika,"Cilandak, Jakarta Raya
(Hibrid)",Kontrak/Temporer,Not Disclosed,2025-11-24T11:41:42.528831,,,
Statistical Officer,PT Poltracking Indonesia,"Depok, Jawa Barat",Kontrak/Temporer,Not Disclosed,2025-11-24T11:41:58.457925,,,
Fraud Data Analyst,PT Sejahtera Sama Kita,Jakarta Raya,Full Time,Not Disclosed,2025-11-24T11:42:14.383754,,,
Data Analyst,"PT. BFI FINANCE INDONESIA, Tbk","Tangerang District, Banten",Full Time,Not Disclosed,2025-11-24T11:42:30.338341,,,
"Cloud Consultant, Data Analytics",Google,Jakarta Raya,Full Time,World Class Benefits,2025-11-24T11:42:31.253926,,,
IT Data Engineer,Kalbe Consumer Health (PT Saka Farma Laboratories),"Jakarta Timur, Jakarta Raya",Kontrak/Temporer,Not Disclosed,2025-11-24T11:42:47.120150,,,
Data Engineer,PT Data Labs Analytics,"Jakarta Pusat, Jakarta Raya",Full Time,Not Disclosed,2025-11-24T11:43:03.110626,,,
Admin Data Analyst,PT Subur Anugerah Sentosa,"Bandung Barat, Jawa Barat",Full Time,Not Disclosed,2025-11-24T11:43:19.070007,,,
Product Information Specialist,PT Serveone MRO Indonesia,"Bekasi Barat, Jawa Barat",Kontrak/Temporer,Not Disclosed,2025-11-24T11:43:35.054529,,,
Data Governance,PT PERMODALAN NASIONAL MADANI,"Jakarta Selatan, Jakarta Raya",Kontrak/Temporer,Rp 7.000.000 – Rp 8.500.000 per month,2025-11-24T11:43:35.881050,7000000.0,8500000.0,7750000.0
Presales Engineer (Paques),PT. Lintas Teknologi Indonesia,"Jakarta Selatan, Jakarta Raya",Full Time,Not Disclosed,2025-11-24T11:43:51.858864,,,
Branch Operation Analyst,"PT. BFI FINANCE INDONESIA, Tbk","Tangerang District, Banten",Full Time,Not Disclosed,2025-11-24T11:44:07.794431,,,
Admin Data Analyst,PT Global Yimi Cargo (J&T Cargo),Bali,Full Time,Not Disclosed,2025-11-24T11:44:23.821333,,,
Data Collector,Diana Flat Glass Processing,"Makassar, Sulawesi Selatan
(Hibrid)",Kontrak/Temporer,Rp3.600.000 – Rp3.900.000 per month,2025-11-24T11:44:24.693892,3600000.0,3900000.0,3750000.0
Data Analyst,Pengiklan Anonim,"Kabupaten Bogor, Jawa Barat",Full Time,Rp 4.280.000 – Rp 5.000.000 per month,2025-11-24T11:44:25.592291,4280000.0,5000000.0,4640000.0
CTS Engineer (Data Engineer/System Engineer) for Paques,PT. Lintas Teknologi Indonesia,Jakarta Raya,Full Time,Rp 8.000.000 – Rp 12.000.000 per month,2025-11-24T11:44:26.379871,8000000.0,12000000.0,10000000.0
MARKET DATA ANALYST,PT Pandurasa Kharisma,Jakarta Raya,Full Time,Rp 7.000.000 – Rp 8.000.000 per month,2025-11-24T11:44:27.280160,7000000.0,8000000.0,7500000.0
Staff Data Analyst,Halodoc,"Jakarta Selatan, Jakarta Raya
(Hibrid)",Full Time,Not Disclosed,2025-11-24T11:44:43.701698,,,
Lead Data Analyst,OttoDigital Group,"Tebet, Jakarta Raya",Full Time,Not Disclosed,2025-11-24T11:44:59.771689,,,
Python Developer,PT DORAN SUKSES INDONESIA (JETE INDONESIA),"Surabaya, Jawa Timur",Full Time,Not Disclosed,2025-11-24T11:45:16.301002,,,
Senior Data Scientist (Analytics),PT Solusi Transportasi Indonesia,Jakarta Raya,Full Time,Not Disclosed,2025-11-24T11:45:32.227179,,,
Data Engineer,OttoDigital Group,"Tebet, Jakarta Raya",Full Time,Not Disclosed,2025-11-24T11:45:48.227547,,,
Data Engineering,PT Citarasa Kuliner Indonesia (Cimol Bojot AA),"Bandung, Jawa Barat",Full Time,Not Disclosed,2025-11-24T11:46:04.162801,,,
"Python, SQL, and AI/ML Developer",PT KNS Indonesia,"Jakarta Utara, Jakarta Raya",Full Time,Rp 10.000.000 – Rp 15.000.000 per month,2025-11-24T11:46:05.069162,10000000.0,15000000.0,12500000.0
Marketing & Sales,PT Biru Semesta Abadi,"Jakarta Barat, Jakarta Raya",Full Time,Not Disclosed,2025-11-24T11:46:39.643113,,,
Sales & Marketing,PT Sinaran Harindo Pratama,"Surabaya, Jawa Timur",Full Time,Rp 4.000.000 – Rp 5.000.000 per month,2025-11-24T11:46:40.608220,4000000.0,5000000.0,4500000.0
SALES MARKETING,PT Servanda Ventura Swareksa,"Jakarta Selatan, Jakarta Raya",Full Time,Rp 5.000.000 – Rp 7.000.000 per month,2025-11-24T11:46:41.498209,5000000.0,7000000.0,6000000.0
Sales Marketing,PT Wiharta Karya Agung,"Jakarta Pusat, Jakarta Raya",Full Time,Not Disclosed,2025-11-24T11:46:57.317917,,,
SALES MARKETING EXECUTIVE,PT. MAKASSAR TAMPARANG NIAGA,"Semarang, Jawa Tengah",Full Time,Rp 7.000.000 – Rp 10.000.000 per month,2025-11-24T11:46:58.195621,7000000.0,10000000.0,8500000.0
SPV SALES MARKETING,PT Mitra Kabel Indonesia (MKI Group),Jakarta Raya,Full Time,Not Disclosed,2025-11-24T11:47:14.507080,,,
Sales & Marketing,CV GUNUNG MAS SEJATI,"Jakarta Barat, Jakarta Raya",Full Time,Not Disclosed,2025-11-24T11:47:30.815558,,,
AREA SALES SUPERVISOR - JATIM,PT Karya Anugerah Jaya,"Sidoarjo, Jawa Timur",Kontrak/Temporer,Rp 7.000.000 – Rp 8.000.000 per month,2025-11-24T11:47:31.757550,7000000.0,8000000.0,7500000.0
SALES/ MARKETING DARI PABRIK KE DISTRIBUTOR BAHAN BANGUNAN,PT Indolux Prima Indonesia,"Jakarta Raya
(Hibrid)",Full Time,Rp 6.700.000 – Rp 10.000.000 per month,2025-11-24T11:47:32.600074,6700000.0,10000000.0,8350000.0
SALES / MARKETING,PT Culletprima Setia,"Tangerang, Banten",Paruh Waktu,Not Disclosed,2025-11-24T11:47:48.905589,,,
Area Sales Supervisor,PT. Cielco IVIN Anugerah Perkasa,Jakarta Raya,Full Time,Not Disclosed,2025-11-24T11:48:05.224271,,,
Admin Ekspedisi,PT Multi Star Rukun Abadi (Sharon Bakery),"Majalaya, Jawa Barat",Kontrak/Temporer,Not Disclosed,2025-11-24T11:48:21.651841,,,
SALES MARKETING STAFF,PT Ksterminals Technology Indonesia,Jakarta Raya,Full Time,Not Disclosed,2025-11-24T11:48:37.936705,,,
Sales Supervisor,PT Onna Prima Utama,"Surabaya, Jawa Timur",Full Time,Not Disclosed,2025-11-24T11:48:54.259827,,,
SALES & MARKETING MANAGEMENT TRAINEE (MT),PT. Lasallefood Indonesia,"Depok, Jawa Barat",Full Time,Not Disclosed,2025-11-24T11:49:10.636716,,,
Sales Marketing,PT Ultra Dry Indonesia,"Jakarta Utara, Jakarta Raya",Full Time,Rp 6.000.000 – Rp 9.000.000 per month,2025-11-24T11:49:11.485561,6000000.0,9000000.0,7500000.0
Sales/Marketing Executive,PT Biggy Cemerlang,"Jakarta Utara, Jakarta Raya",Full Time,Not Disclosed,2025-11-24T11:49:27.894083,,,
Sales Marketing,PT. CAHAYA MURNI CENTRAL JAVA,"Semarang, Jawa Tengah",Full Time,Rp 4.200.000 – Rp 5.000.000 per month,2025-11-24T11:49:28.790064,4200000.0,5000000.0,4600000.0
Sales/Marketing Alat Berat,LEMOTATA GRAHAMAS,"Jakarta Utara, Jakarta Raya",Kontrak/Temporer,Rp 6.000.000 – Rp 9.000.000 per month,2025-11-24T11:49:29.642421,6000000.0,9000000.0,7500000.0
Sales & Marketing Manager (FMCG),PT PIM Pharmaceuticals,"Sidoarjo, Jawa Timur",Full Time,Not Disclosed,2025-11-24T11:49:45.967447,,,
Direktur Sales & Marketing Alat Kesehatan,Pengiklan Anonim,"Jakarta Barat, Jakarta Raya",Full Time,Not Disclosed,2025-11-24T11:50:02.330317,,,
Sales Marketing (Solo),PT Jui Shin Indonesia (Semen Garuda),"Boyolali, Jawa Tengah",Full Time,Not Disclosed,2025-11-24T11:50:19.702708,,,
Sales & Marketing Executive,PT BREXA RAYA INDONESIA,Jakarta Raya,Full Time,Rp 9.000.000 – Rp 11.000.000 per month,2025-11-24T11:50:20.529730,9000000.0,11000000.0,10000000.0
Sales & Marketing Staff,PT. EASTMATIX UNIVERSAL SOLUSINDO,Jakarta Raya,Full Time,Not Disclosed,2025-11-24T11:50:52.140781,,,
MARKETING SUPPORT / SALES SUPPORT,PT Mari Kita Gembira,"Jakarta Utara, Jakarta Raya",Full Time,Not Disclosed,2025-11-24T11:51:08.488855,,,
Sales Marketing,PT Trijaya Motor Accesories,"Jakarta Utara, Jakarta Raya",Full Time,Rp 5.000.000 – Rp 7.000.000 per month,2025-11-24T11:51:09.311801,5000000.0,7000000.0,6000000.0
Sales & Marketing,PT Cyber Smart Network Asia,"Jakarta Timur, Jakarta Raya",Full Time,"Rp 6,000,000 – Rp 8,400,000 per month",2025-11-24T11:51:10.202031,6000000.0,8400000.0,7200000.0
Sales Executive – Jakarta,PT Linkwide Internasional Indonesia,"Jakarta Selatan, Jakarta Raya",Kontrak/Temporer,Rp 7.000.000 – Rp 8.000.000 per month,2025-11-24T11:51:11.029956,7000000.0,8000000.0,7500000.0
Sales And Marketing Staff,PT MEGA SURYA ERATAMA,"Wonokromo, Jawa Timur",Full Time,Not Disclosed,2025-11-24T11:51:27.299948,,,
MARKETING / SALES,PT Selekta Kencana,"Jakarta Utara, Jakarta Raya",Full Time,Rp 6.000.000 – Rp 8.000.000 per month,2025-11-24T11:51:28.178170,6000000.0,8000000.0,7000000.0
Sales,PT Seacon Bintang Sejahtera,"Surabaya, Jawa Timur",Kontrak/Temporer,Rp 13.000.000 – Rp 18.000.000 per month,2025-11-24T11:51:29.178529,13000000.0,18000000.0,15500000.0
Sales Marketing,PT Kinarya Alihdaya Mandiri,"Tangerang, Banten",Full Time,Not Disclosed,2025-11-24T11:51:52.460358,,,
Sales & Marketing Local,PT Indal Aluminium Industry Tbk,"Surabaya, Jawa Timur",Full Time,Rp 5.000.000 – Rp 5.500.000 per month,2025-11-24T11:51:53.299378,5000000.0,5500000.0,5250000.0
Sales Supervisor (CRM Leader),Brilliant Think Center,"Palembang, Sumatera Selatan",Full Time,Rp 4.000.000 – Rp 5.000.000 per month,2025-11-24T11:51:54.295116,4000000.0,5000000.0,4500000.0
SALES & MARKETING FREIGH FORWARDING,PT Eusu Logistics Indonesia,"Jakarta Selatan, Jakarta Raya",Full Time,Rp 10.000.000 – Rp 15.000.000 per month,2025-11-24T11:51:55.094610,10000000.0,15000000.0,12500000.0
ADMINISTRASI MARKETING/SALES,CV Mycon Indonesia,"Jakarta Pusat, Jakarta Raya",Full Time,Rp 5.000.000 – Rp 5.750.000 per month,2025-11-24T11:51:55.993332,5000000.0,5750000.0,5375000.0
Sales And Marketing Staff,PT MEGA SURYA ERATAMA,"Wonokromo, Jawa Timur",Full Time,Not Disclosed,2025-11-24T11:52:11.860423,,,
Sales Marketing Surabaya,PT Steel Pipe Industry of Indonesia Tbk,"Surabaya, Jawa Timur",Full Time,Not Disclosed,2025-11-24T11:52:28.368874,,,
Vice President Sales & Marketing,PT Juragan Kucek Indonesia,"Jakarta Selatan, Jakarta Raya",Full Time,Not Disclosed,2025-11-24T11:52:44.317440,,,
Sales and Marketing,PT. CENTRAM,"Surabaya, Jawa Timur",Full Time,Not Disclosed,2025-11-24T11:53:00.196364,,,
Sales & Marketing,PT.EXXEL UTAMA,"Jakarta Utara, Jakarta Raya",Kontrak/Temporer,Rp 7.000.000 – Rp 9.000.000 per month,2025-11-24T11:53:01.044617,7000000.0,9000000.0,8000000.0
MARKETING SALES OFFSET PRINTING & PACKAGING,PT Putra Cipta Karindomas,"Tangerang, Banten",Full Time,Not Disclosed,2025-11-24T11:53:16.988882,,,
Sales Marketing,PT. MANIKAM JAYA KREASI,"Tangerang, Banten",Full Time,Rp 4.000.000 – Rp 6.000.000 per month,2025-11-24T11:53:17.860055,4000000.0,6000000.0,5000000.0
Sales/Marketing,PT Sinar Panelindo Utama,"Sidoarjo, Jawa Timur",Full Time,Not Disclosed,2025-11-24T11:53:33.871792,,,
SALES MARKETING,PT. HITECH MACHINERY INDONESIA,"Cengkareng, Jakarta Raya",Full Time,Rp 7.000.000 – Rp 10.000.000 per month,2025-11-24T11:53:34.734269,7000000.0,10000000.0,8500000.0
Sales & Marketing Officer,NCR Group,"Bandung, Jawa Barat",Full Time,Rp 4.000.000 – Rp 4.500.000 per month,2025-11-24T11:53:35.583649,4000000.0,4500000.0,4250000.0
Personal Assistant,PT Dinamika Polimerindo,"Jakarta Barat, Jakarta Raya",Full Time,Rp 7.000.000 – Rp 10.000.000 per month,2025-11-24T11:53:36.388543,7000000.0,10000000.0,8500000.0
SALES MARKETING ALAT PERAGA KESEHATAN,PT.  Jaya Kelana Abadi Indonesia,"Jakarta Selatan, Jakarta Raya",Kontrak/Temporer,Rp 5.000.000 – Rp 7.000.000 per month,2025-11-24T11:53:37.236272,5000000.0,7000000.0,6000000.0
Management Trainee (MT) - Sales Marketing,PT Mentari Books Indonesia,Jakarta Raya,Full Time,Not Disclosed,2025-11-24T11:53:53.185754,,,
Sales and Marketing Manufacture,PT Megah Alkesindo,"Jakarta Selatan, Jakarta Raya",Full Time,Not Disclosed,2025-11-24T11:54:09.230466,,,
Sales & Marketing Manager,PT Spektra Smartindo,"South Tangerang, Banten",Full Time,Rp 13.000.000 – Rp 15.000.000 per month,2025-11-24T11:54:10.126400,13000000.0,15000000.0,14000000.0
SALES MARKETING,PT Teknindopuri Ampuhperkasa,"Jakarta Utara, Jakarta Raya",Full Time,Not Disclosed,2025-11-24T11:54:26.049658,,,
Sales Marketing,PT Mitra Kerja Utama,"Tangerang, Banten",Full Time,Rp 5.000.000 – Rp 5.500.000 per month,2025-11-24T11:54:26.950486,5000000.0,5500000.0,5250000.0
Sales & Marketing Supervisor,PT Adil Makmur Fajar,"Tangerang Regency, Banten",Kontrak/Temporer,Not Disclosed,2025-11-24T11:54:42.847718,,,
Sales Marketing Executive,PT Interprima Indocom,"Jakarta Pusat, Jakarta Raya",Full Time,Rp 5.500.000 – Rp 7.000.000 per month,2025-11-24T11:54:43.757213,5500000.0,7000000.0,6250000.0
Sales And Marketing,PT Karina Adhie Nugraha,"Kebayoran Baru, Jakarta Raya",Full Time,Not Disclosed,2025-11-24T11:54:59.668741,,,
MANAGER SALES & MARKETING,CV. GLOBAL PET INDONESIA,"Tangerang, Banten",Full Time,Rp 13.500.000 – Rp 15.000.000 per month,2025-11-24T11:55:00.621417,13500000.0,15000000.0,14250000.0
Marketing Sales,PT. Jupiter Mitra Setia,"Jakarta Barat, Jakarta Raya",Full Time,Rp 4.500.000 – Rp 6.350.000 per month,2025-11-24T11:55:01.431233,4500000.0,6350000.0,5425000.0
Sales Marketing,Pengiklan Anonim,Jakarta Raya,Kontrak/Temporer,Rp 4.000.000 – Rp 6.000.000 per month,2025-11-24T11:55:02.262657,4000000.0,6000000.0,5000000.0
Sales And Marketing,Sumber Mas Motor Kramat Jati,"Kramat Jati, Jakarta Raya",Full Time,Not Disclosed,2025-11-24T11:55:18.191208,,,
Sales Marketing,PT. Ragam Karya Lestari,"Kabupaten Bogor, Jawa Barat",Full Time,Rp 5.000.000 – Rp 7.000.000 per month,2025-11-24T11:55:19.094493,5000000.0,7000000.0,6000000.0
Sales Supervisor Surabaya (DSSS),PT Catur Sentosa Adiprana Tbk,"Surabaya, Jawa Timur",Full Time,Not Disclosed,2025-11-24T11:55:34.919899,,,
SALES COUNTER / MARKETING,PT Indo Lestari Jayatama,"Jakarta Barat, Jakarta Raya",Full Time,Not Disclosed,2025-11-24T11:55:51.223511,,,
Software Engineer - Fullstack,PT Mid Solusi Nusantara (MEKARI),"Jakarta Raya
(Hibrid)",Full Time,Not Disclosed,2025-11-24T11:56:27.415242,,,
Software Research Engineer,PT Formulatrix Indonesia,"Bandung, Jawa Barat",Full Time,Not Disclosed,2025-11-24T11:56:43.728450,,,
Software Engineer,PT TEC Indonesia (Batam),"Batam Kota, Kepulauan Riau",Full Time,Rp 7.000.000 – Rp 8.000.000 per month,2025-11-24T11:56:44.598161,7000000.0,8000000.0,7500000.0
Software Test Engineer,PT Petrolink Services Indonesia,"Jakarta Raya
(Hibrid)",Kontrak/Temporer,Not Disclosed,2025-11-24T11:57:01.000050,,,
Digital Champion (Software Engineer),PT MAS ARYA INDONESIA,"Kabupaten Kendal, Jawa Tengah",Full Time,Not Disclosed,2025-11-24T11:57:17.524123,,,
Software Engineer (JAVA),PT Infinitium Solutions,"Jakarta Pusat, Jakarta Raya
(Hibrid)",Full Time,Not Disclosed,2025-11-24T11:57:33.893805,,,
Software Engineer,PT Formulatrix Indonesia,Jawa Tengah,Full Time,Not Disclosed,2025-11-24T11:57:50.265994,,,
Software Developer,Savant Degrees Pte Ltd,"Jakarta Raya
(Hibrid)",Full Time,Not Disclosed,2025-11-24T11:58:06.611962,,,
System Developer/Software Engineer Staff,PT Indonesia Epson Industry,"Bekasi, Jawa Barat",Full Time,Rp 7.500.000 – Rp 8.000.000 per month,2025-11-24T11:58:07.564024,7500000.0,8000000.0,7750000.0
Production Supervisor,Pengiklan Anonim,"Cikarang Pusat, Jawa Barat",Full Time,Rp 10.000.000 – Rp 13.000.000 per month,2025-11-24T11:58:08.372423,10000000.0,13000000.0,11500000.0
Software Engineer,PT Infolog Solutions Indonesia,Jakarta Raya,Kontrak/Temporer,Rp 8.000.000 – Rp 12.000.000 per month,2025-11-24T11:58:09.206002,8000000.0,12000000.0,10000000.0
Software Development Engineer - SRE,Halodoc,"Jakarta Raya
(Hibrid)",Full Time,Not Disclosed,2025-11-24T11:58:25.520236,,,
Software Engineer (Java),PT Lawencon Internasional,"Jakarta Selatan, Jakarta Raya",Full Time,Not Disclosed,2025-11-24T11:58:41.880855,,,
Software Engineer,PT Eka Mas Republik,"Jakarta Pusat, Jakarta Raya",Full Time,Not Disclosed,2025-11-24T11:58:58.232097,,,
Senior Software Engineer (C++/Go),PT ShareInvestor Technologies Indonesia,Jakarta Raya,Full Time,Rp 20.000.000 – Rp 30.000.000 per month,2025-11-24T11:58:59.066431,20000000.0,30000000.0,25000000.0
Backend Software Developer,PT Solo Mitra Solusindo (Solo System ),"Jakarta Barat, Jakarta Raya",Full Time,Not Disclosed,2025-11-24T11:59:15.335040,,,
Software Engineer,Pengiklan Anonim,"Jakarta Selatan, Jakarta Raya
(Hibrid)",Full Time,Rp 7.250.000 – Rp 10.250.000 per month,2025-11-24T11:59:16.185013,7250000.0,10250000.0,8750000.0
Software Engineer,PT BYD AUTO INDONESIA,"Subang, Jawa Barat",Full Time,Not Disclosed,2025-11-24T11:59:32.462657,,,
Process Safety Engineer,PT GT Ladang Teknik,"Jakarta Selatan, Jakarta Raya",Full Time,Not Disclosed,2025-11-24T11:59:48.846377,,,
Senior Civil Engineer,PT Qdc Technologies,Jakarta Raya,Full Time,Not Disclosed,2025-11-24T12:00:05.156782,,,
Application Engineering & Tech Division Head,Soedarpo Informatika,"Jakarta Barat, Jakarta Raya",Full Time,Rp 25.000.000 – Rp 30.000.000 per month,2025-11-24T12:00:06.522052,25000000.0,30000000.0,27500000.0
Senior Java Software Engineer - Indonesia - Remote (29155),CSG International Sdn. Bhd.,"Bali
(Jarak Jauh)",Full Time,Not Disclosed,2025-11-24T12:00:22.821367,,,
Software Engineer with AI specialization,PT Technet Vision Indonesia,Jakarta Raya,Full Time,Rp 6.000.000 – Rp 8.000.000 per month,2025-11-24T12:00:23.686572,6000000.0,8000000.0,7000000.0
"IT Backend, IT Front end dan IT Support / IT Operations",PT. Lunexa Digital Nusantara,"Jakarta Selatan, Jakarta Raya
(Hibrid)",Full Time,Not Disclosed,2025-11-24T12:00:40.064849,,,
HR Generalist Senior Staff (Industrial),PT Lawencon Internasional,"Jakarta Selatan, Jakarta Raya",Full Time,Not Disclosed,2025-11-24T12:00:56.407606,,,
Full Stack Developer,Dunia Wahana Hiburan,"South Tangerang, Banten",Full Time,Not Disclosed,2025-11-24T12:01:12.675092,,,
Senior Software Developer,Savant Degrees Pte Ltd,"Jakarta Raya
(Hibrid)",Full Time,Not Disclosed,2025-11-24T12:01:29.056308,,,
Head of IT,PT Appfuxion Consulting,"Tangerang, Banten",Full Time,Not Disclosed,2025-11-24T12:01:45.415327,,,
Java Developer,HuntHire,Jakarta Raya,Kontrak/Temporer,Not Disclosed,2025-11-24T12:02:01.721266,,,
Software Developer,PT System Ever Indonesia,"Jakarta Selatan, Jakarta Raya",Full Time,Rp 7.500.000 – Rp 10.000.000 per month,2025-11-24T12:02:03.041923,7500000.0,10000000.0,8750000.0
Software Engineer,PT Trinusa Travelindo,Jakarta Raya,Full Time,Not Disclosed,2025-11-24T12:02:19.313797,,,
Software Engineer,PT Sentra Vidya Utama,"Surabaya, Jawa Timur",Full Time,Rp 6.800.000 – Rp 8.500.000 per month,2025-11-24T12:02:20.169212,6800000.0,8500000.0,7650000.0
Social Media Strategist Staff,PT Digdaya Duta Digital,"Setiabudi, Jakarta Raya",Full Time,Not Disclosed,2025-11-24T12:03:19.913867,,,
Digital Marketing & Growth Manager,PT JNJ Estetika Utama,"Jakarta Selatan, Jakarta Raya",Full Time,Rp 10.000.000 – Rp 13.000.000 per month,2025-11-24T12:03:20.769508,10000000.0,13000000.0,11500000.0
Digital & Social Media Specialist,"PT Electronic City Indonesia, Tbk","Jakarta Selatan, Jakarta Raya",Full Time,Not Disclosed,2025-11-24T12:03:37.108312,,,
Digital Marketing,PT Excelso Multirasa,"Jakarta Pusat, Jakarta Raya",Full Time,Not Disclosed,2025-11-24T12:03:53.535578,,,
Digital Marketing & Social Media Specialist,PT Mandiri Bangun Sukses Sejahtera,Jakarta Raya,Full Time,Rp 5.000.000 – Rp 7.000.000 per month,2025-11-24T12:03:54.415301,5000000.0,7000000.0,6000000.0
Digital Optimizer,PT Digital Rantai Maya,"Jakarta Selatan, Jakarta Raya",Full Time,Not Disclosed,2025-11-24T12:04:10.713600,,,
Social Media Specialist,PT DHANAJAYA BOGAINDO,"Jakarta Selatan, Jakarta Raya",Full Time,Not Disclosed,2025-11-24T12:04:27.056001,,,
Digital Marketing Specialist,Midea Electronics Indonesia,"Jakarta Pusat, Jakarta Raya",Full Time,Rp 7.000.000 – Rp 9.000.000 per month,2025-11-24T12:04:27.932104,7000000.0,9000000.0,8000000.0
E-Commerce & Digital Marketing Specialist,PT. LIPPO KARAWACI TBK,"Tangerang, Banten",Full Time,Not Disclosed,2025-11-24T12:04:44.341246,,,
Social Media & Digital Marketing Specialist,PT Talentvis Consulting Indonesia,"Tangerang, Banten",Full Time,Rp 13.000.000 – Rp 18.000.000 per month,2025-11-24T12:04:45.209950,13000000.0,18000000.0,15500000.0
Digital Marketing,PT DAZHENG TEA COFFEE INTERNATIONAL INDONESIA,"Jakarta Utara, Jakarta Raya",Full Time,Rp 6.000.000 – Rp 8.000.000 per month,2025-11-24T12:04:46.012907,6000000.0,8000000.0,7000000.0
Digital Marketing Leader,Pengiklan Anonim,"Jakarta Utara, Jakarta Raya",Full Time,Rp 6.700.000 – Rp 10.000.000 per month,2025-11-24T12:04:46.869214,6700000.0,10000000.0,8350000.0
Social Media Staff (Medan),CV. KREASI PELAJAR RANTAUAN,"Medan, Sumatera Utara",Full Time,Rp 3.457.000 – Rp 4.000.000 per month,2025-11-24T12:04:47.685700,3457000.0,4000000.0,3728500.0
KEPALA DIGITAL MARKETING,PT Indokharisma Pangan Semesta,"Jakarta Utara, Jakarta Raya",Full Time,Not Disclosed,2025-11-24T12:05:04.036759,,,
eCommerce Specialist,Garuda Jaya Abadi,"Jakarta Utara, Jakarta Raya",Full Time,Rp 4.500.000 – Rp 5.500.000 per month,2025-11-24T12:05:04.840137,4500000.0,5500000.0,5000000.0
Digital Marketing Staff,PT Jaya Sukses Makmur Sentosa Tbk,"Surabaya, Jawa Timur",Full Time,Not Disclosed,2025-11-24T12:05:21.123844,,,
Marketing Manager,PT Richeese Kuliner Indonesia,"Bandung, Jawa Barat",Full Time,Not Disclosed,2025-11-24T12:05:37.479277,,,
Social Media Specialist,PT. Jelita Abadi Indonesia,"Jakarta Barat, Jakarta Raya",Full Time,Rp 6.000.000 – Rp 8.000.000 per month,2025-11-24T12:05:38.340541,6000000.0,8000000.0,7000000.0
Digital Marketing Specialist,MVP Group,"Jakarta Selatan, Jakarta Raya",Kontrak/Temporer,Rp 9.000.000 – Rp 12.000.000 per month,2025-11-24T12:05:39.138438,9000000.0,12000000.0,10500000.0
Full-Stack Digital Marketing Specialist,PT Exaque Mandiri Makmur,"Jakarta Selatan, Jakarta Raya
(Hibrid)",Kontrak/Temporer,Rp 6.500.000 – Rp 8.500.000 per month,2025-11-24T12:05:39.980706,6500000.0,8500000.0,7500000.0
Digital Marketing Specialist,SmilePay,"Jakarta Pusat, Jakarta Raya",Full Time,Rp 6.000.000 – Rp 8.000.000 per month,2025-11-24T12:05:40.773129,6000000.0,8000000.0,7000000.0
Digital Marketing Specialist,PT Villa Setya Wisata,"Pasar Minggu, Jakarta Raya",Full Time,Rp 5.500.000 – Rp 7.500.000 per month,2025-11-24T12:05:41.631826,5500000.0,7500000.0,6500000.0
Digital Marketing Specialist,Learning Time Limited,"Jakarta Selatan, Jakarta Raya",Full Time,"Rp 7,000,000 – Rp 9,000,000 per month",2025-11-24T12:05:42.539153,7000000.0,9000000.0,8000000.0
Social Media & Digital Specialist,PT Pacific Lubritama Indonesia,"Jakarta Utara, Jakarta Raya",Full Time,Not Disclosed,2025-11-24T12:05:58.876199,,,
Marketing Communications,PT HIJAU TUMBUH BERSAMA,"Jakarta Utara, Jakarta Raya",Full Time,Not Disclosed,2025-11-24T12:06:14.742323,,,
Digital Marketing Specialist (Entry Level),PT Hashmicro Solusi Indonesia,"Jakarta Pusat, Jakarta Raya",Full Time,Rp 5.600.000 – Rp 8.000.000 per month,2025-11-24T12:06:15.636799,5600000.0,8000000.0,6800000.0
Marketing Strategist,IDS Medical Systems Group,Jakarta Raya,Full Time,Not Disclosed,2025-11-24T12:06:31.923914,,,
Digital Marketing,PT LINKIT,"Jakarta Selatan, Jakarta Raya
(Hibrid)",Kontrak/Temporer,Rp 5.000.000 – Rp 7.000.000 per month,2025-11-24T12:06:32.820618,5000000.0,7000000.0,6000000.0
Digital Marketing,PT Smartek Inovasi Indonesia,"Jakarta Utara, Jakarta Raya",Full Time,Rp 6.000.000 – Rp 8.000.000 per month,2025-11-24T12:06:33.619200,6000000.0,8000000.0,7000000.0
Marketing Communications Manager,PT. Wakaka Group Indonesia,"Jakarta Utara, Jakarta Raya",Full Time,Not Disclosed,2025-11-24T12:06:49.893267,,,
Social Media Specialist,PT Mikrotek Komputindo,"Medan, Sumatera Utara",Full Time,Rp 3.000.000 – Rp 4.000.000 per month,2025-11-24T12:06:50.766344,3000000.0,4000000.0,3500000.0
Digital Marketing & Social Media Specialist,PT Baruna Realty (Greenwoods Group),"Jakarta Selatan, Jakarta Raya",Full Time,Not Disclosed,2025-11-24T12:07:07.594562,,,
Digital Marketing,PT. DIN Data Informasi Nusantara,"Jakarta Selatan, Jakarta Raya",Full Time,Rp 5.400.000 – Rp 8.000.000 per month,2025-11-24T12:07:16.839321,5400000.0,8000000.0,6700000.0
Social Media Specialist,PT Mikrotek Komputindo,"Medan, Sumatera Utara",Full Time,Rp 3.000.000 – Rp 4.000.000 per month,2025-11-24T12:07:17.621831,3000000.0,4000000.0,3500000.0
Digital Marketing,PT Akarsa Garment Indonesia,"Jakarta Barat, Jakarta Raya",Kontrak/Temporer,Rp 5.200.000 – Rp 7.000.000 per month,2025-11-24T12:07:18.445972,5200000.0,7000000.0,6100000.0
Social Media & Digital Marketing Specialist,"Lighting Art Braga, Bandung","Bandung, Jawa Barat",Kontrak/Temporer,Rp 4.000.000 – Rp 5.500.000 per month,2025-11-24T12:07:19.280377,4000000.0,5500000.0,4750000.0
Digital Marketing,PT XYNEXIS INTERNATIONAL,"Jakarta Pusat, Jakarta Raya",Kontrak/Temporer,Not Disclosed,2025-11-24T12:07:35.484950,,,
Manager Marketing,Haruka Baenola Group,"Kedungkandang, Jawa Timur",Full Time,Rp 5.000.000 – Rp 7.500.000 per month,2025-11-24T12:07:36.365005,5000000.0,7500000.0,6250000.0
Digital Marketing Executive,I.SAFE MOBILE SINGAPORE PTE. LTD,"Jakarta Utara, Jakarta Raya",Full Time,Not Disclosed,2025-11-24T12:07:52.652275,,,
Digital Marketing Lead / Head of Digital Marketing,PT Mari Kita Gembira,"Jakarta Utara, Jakarta Raya",Full Time,Not Disclosed,2025-11-24T12:08:09.002845,,,
E-Commerce Performance & Ads Specialist,PT Higienis Indonesia,"Jakarta Pusat, Jakarta Raya",Full Time,Rp 9.000.000 – Rp 13.000.000 per month,2025-11-24T12:08:09.863661,9000000.0,13000000.0,11000000.0
Head of Digital Marketing,Astra Abadi,"Jakarta Utara, Jakarta Raya",Full Time,Not Disclosed,2025-11-24T12:08:26.201870,,,
Staf Digital Marketing,PT Multi Karya Primatama,"Jakarta Barat, Jakarta Raya",Full Time,Rp 5.500.000 – Rp 6.000.000 per month,2025-11-24T12:08:27.080967,5500000.0,6000000.0,5750000.0
Social Media Staff,PT BANGUN GLOBALINDO PERKASA,"Jakarta Utara, Jakarta Raya",Full Time,Not Disclosed,2025-11-24T12:08:43.402487,,,
"E-commerce Digital Marketing Specialist - Remote, NZ Company",Anypear,"Jakarta Raya
(Jarak Jauh)",Full Time,"Rp 11,000,000 – Rp 15,000,000 per month",2025-11-24T12:08:44.300264,11000000.0,15000000.0,13000000.0
E-Commerce & Ads Specialist,PT Utama Bakti Farmasi,"Jakarta Pusat, Jakarta Raya",Full Time,Rp 6.000.000 – Rp 7.000.000 per month,2025-11-24T12:08:45.225886,6000000.0,7000000.0,6500000.0
Social Media Specialist,PT Prisma Sejati Makmur,"Jakarta Barat, Jakarta Raya",Full Time,Not Disclosed,2025-11-24T12:09:01.532833,,,
Social Media and Content Specialist,PT 4Life Indonesia Trading,"Jakarta Selatan, Jakarta Raya",Kontrak/Temporer,Rp 10.000.000 – Rp 13.000.000 per month,2025-11-24T12:09:02.405221,10000000.0,13000000.0,11500000.0
Social Media Specialist,PT Vita Shopindo,"Jakarta Barat, Jakarta Raya",Full Time,Rp 6.666.666 – Rp 7.777.777 per month,2025-11-24T12:09:03.778114,6666666.0,7777777.0,7222221.5
"Digital Marketing (Konten, Kampanye, Iklan Media Sosial dan Website)",Pengiklan Anonim,"Jakarta Barat, Jakarta Raya",Full Time,Not Disclosed,2025-11-24T12:09:20.125093,,,
E-commerce Specialist,CC Fun Lintas Samudra,"Tangerang Regency, Banten",Kasual,Rp 5.400.000 – Rp 8.100.000 per month,2025-11-24T12:09:20.984204,5400000.0,8100000.0,6750000.0
Digital Marketing Specialist,Baller indonesia,"Tangerang, Banten",Full Time,Rp 6.000.000 – Rp 7.500.000 per month,2025-11-24T12:09:21.830127,6000000.0,7500000.0,6750000.0
Digital Marketing Specialist,PT Rotaryana Engineering,Jakarta Raya,Kontrak/Temporer,Rp 5.500.000 – Rp 6.000.000 per month,2025-11-24T12:09:22.631093,5500000.0,6000000.0,5750000.0
Digital Marketing Manager,PT Macksons Mandiri Indonesia,Jakarta Raya,Full Time,Not Disclosed,2025-11-24T12:09:38.901768,,,
Marketing Coach,Universitas Horizon Indonesia,"Surabaya, Jawa Timur",Full Time,Not Disclosed,2025-11-24T12:09:55.273507,,,
E-commerce Digital Marketing Specialist,PT. Multi Kreasi Indah,"Jakarta Pusat, Jakarta Raya",Full Time,Not Disclosed,2025-11-24T12:10:11.641668,,,
Social Media Specialist,PT Global Prima Textilindo,"Jakarta Barat, Jakarta Raya",Full Time,Not Disclosed,2025-11-24T12:10:27.991182,,,
DIGITAL MARKETING MANAGER,PT G HERBAL INDONESIA,"Jakarta Pusat, Jakarta Raya",Full Time,Rp 12.000.000 – Rp 15.000.000 per month,2025-11-24T12:10:28.879131,12000000.0,15000000.0,13500000.0
Social Media & Digital Marketing Executive,DB Style,"Tangerang, Banten",Full Time,Rp 4.000.000 – Rp 5.000.000 per month,2025-11-24T12:10:29.680478,4000000.0,5000000.0,4500000.0
SOCIAL MEDIA SPECIALIST,PT Nano Energi Gemilang,"South Tangerang, Banten",Full Time,Not Disclosed,2025-11-24T12:10:46.111703,,,
Digital Marketing,PT Holink Solusi Digital,"Jakarta Utara, Jakarta Raya",Full Time,Rp 10.000.000 – Rp 15.000.000 per month,2025-11-24T12:10:47.013792,10000000.0,15000000.0,12500000.0
DIGITAL MARKETING ( ADS SPECIALIST ),PT Aroma Prima Livindo,"Cipondoh, Banten",Full Time,Rp 7.000.000 – Rp 10.000.000 per month,2025-11-24T12:10:47.917790,7000000.0,10000000.0,8500000.0
Digital Marketing Strategist,BKH Indonesia Investment,"South Tangerang, Banten",Full Time,Rp 7.000.000 – Rp 10.000.000 per month,2025-11-24T12:10:48.734246,7000000.0,10000000.0,8500000.0
Social Media Analyst Staff,PT INDONESIA MOROWALI INDUSTRIAL PARK,"Morowali, Sulawesi Tengah",Full Time,Not Disclosed,2025-11-24T12:11:04.997463,,,
Graphic Design,PT Bangun Rasaguna Lestari,"Bandung, Jawa Barat",Full Time,Not Disclosed,2025-11-24T12:11:41.286215,,,
Graphic Designer,PT. Panasonic Gobel Indonesia,"Jakarta Timur, Jakarta Raya",Kontrak/Temporer,Not Disclosed,2025-11-24T12:11:57.558997,,,
Design Graphic,PT Liga Indonesia Baru,"Jakarta Selatan, Jakarta Raya",Full Time,Not Disclosed,2025-11-24T12:12:13.883030,,,
Graphic Designer,PT. Cahaya Ayu Abadi,"Tangerang District, Banten",Full Time,Rp 6.500.000 – Rp 7.500.000 per month,2025-11-24T12:12:14.774747,6500000.0,7500000.0,7000000.0
Creative Designer,PT Sepeda Bersama Indonesia,"South Tangerang, Banten",Full Time,Not Disclosed,2025-11-24T12:12:31.082388,,,
Graphic Designer,PT. ALPEN FOOD INDUSTRY,"Jakarta Utara, Jakarta Raya",Full Time,Not Disclosed,2025-11-24T12:12:47.418871,,,
Graphic Designer,PT DANBI GLOBAL INDONESIA,"Jakarta Selatan, Jakarta Raya",Full Time,Not Disclosed,2025-11-24T12:13:03.753529,,,
Graphic Designer,PT Higo Fitur Indonesia,"Jakarta Barat, Jakarta Raya",Full Time,Rp 5.500.000 – Rp 6.500.000 per month,2025-11-24T12:13:04.634522,5500000.0,6500000.0,6000000.0
Graphic Designer,PT. JALAN CERAH TERCIPTA (BLAZE Jakarta),"Jakarta Selatan, Jakarta Raya",Full Time,Rp 6.000.000 – Rp 7.000.000 per month,2025-11-24T12:13:05.465035,6000000.0,7000000.0,6500000.0
Graphic Designer,EF English First Swara Group,"Tangerang, Banten",Full Time,Rp 5.500.000 – Rp 7.000.000 per month,2025-11-24T12:13:06.296968,5500000.0,7000000.0,6250000.0
Graphic Designer Manager,PT Kapal Api Global,"Jakarta Pusat, Jakarta Raya",Full Time,Not Disclosed,2025-11-24T12:13:22.606275,,,
Graphic Design,Kemayuandco,Jakarta Raya,Full Time,Rp 4.000.000 – Rp 6.000.000 per month,2025-11-24T12:13:23.536928,4000000.0,6000000.0,5000000.0
Creative Designer,Howel and Co Indonesia,"Jakarta Barat, Jakarta Raya",Full Time,Rp 5.500.000 – Rp 7.500.000 per month,2025-11-24T12:13:24.362853,5500000.0,7500000.0,6500000.0
Content Designer,Bayoran Teknik,"Tangerang, Banten",Full Time,Not Disclosed,2025-11-24T12:13:40.684942,,,
Creative Designer,PT UangMe Fintek Indonesia,"Jakarta Selatan, Jakarta Raya",Full Time,Not Disclosed,2025-11-24T12:13:57.052386,,,
Staff Desain Grafis,PT Adimas Isolasitama,"Jakarta Pusat, Jakarta Raya",Full Time,Not Disclosed,2025-11-24T12:14:13.359991,,,
Graphic Designer,PT. NUTRISI SEMPURNA INDONESIA (PN1),"Jakarta Utara, Jakarta Raya",Full Time,Rp 5.000.000 – Rp 6.000.000 per month,2025-11-24T12:14:14.235285,5000000.0,6000000.0,5500000.0
Graphic Designer (WFO),Everlash,"Jakarta Selatan, Jakarta Raya",Full Time,Not Disclosed,2025-11-24T12:14:30.527856,,,
Graphic Designer (DG - GDTRV - 110),PT DECA,"Jakarta Utara, Jakarta Raya",Kontrak/Temporer,Not Disclosed,2025-11-24T12:14:46.844201,,,
Graphic Designer,PT Good Sale Tech,"Jakarta Selatan, Jakarta Raya",Full Time,Rp 7.000.000 – Rp 10.000.000 per month,2025-11-24T12:14:47.750321,7000000.0,10000000.0,8500000.0
Graphic Designer (Illustrator),PT. Kindalin Utama Internasional (Sugarbaby),"Kebon Jeruk, Jakarta Raya
(Jarak Jauh)",Kontrak/Temporer,Not Disclosed,2025-11-24T12:15:03.572158,,,
Graphic Designer,PT. Jelita Abadi Indonesia,"Jakarta Barat, Jakarta Raya",Full Time,Rp 7.000.000 – Rp 8.000.000 per month,2025-11-24T12:15:04.436520,7000000.0,8000000.0,7500000.0
Desain Grafis,PT Empat Putera Bersaudara Internasional,"Jakarta Timur, Jakarta Raya",Full Time,Rp 5.000.000 – Rp 6.000.000 per month,2025-11-24T12:15:05.318384,5000000.0,6000000.0,5500000.0
GRAPHIC DESIGNER,PT Global Bestindo Jaya,"Tangerang, Banten",Full Time,Not Disclosed,2025-11-24T12:15:21.646282,,,
Creative Designer & Graphic Designer,PT Bedrock Brand Consultants,"Kembangan, Jakarta Raya",Full Time,Not Disclosed,2025-11-24T12:15:38.064556,,,
Design Graphics,PT.Toba Wangi Indonesia,"Jakarta Barat, Jakarta Raya",Full Time,Not Disclosed,2025-11-24T12:15:54.400022,,,
Graphic Designer,PT FEED WELL INDONESIA,"Tangerang, Banten",Full Time,Rp 5.000.000 – Rp 7.000.000 per month,2025-11-24T12:15:55.415652,5000000.0,7000000.0,6000000.0
Senior Graphic Design,CIPUTRA GROUP,"Jakarta Selatan, Jakarta Raya",Full Time,Not Disclosed,2025-11-24T12:16:11.697748,,,
Jr. Graphic Designer,PT Nufarm Indonesia,"Jakarta Selatan, Jakarta Raya
(Hibrid)",Kontrak/Temporer,Not Disclosed,2025-11-24T12:16:28.190217,,,
Senior Graphic Designer,PT Indovision Prima Film (AVB),"Seminyak, Bali",Full Time,Not Disclosed,2025-11-24T12:16:44.611549,,,
Desainer Grafis,PT Tri Karya Birawa,"Jakarta Selatan, Jakarta Raya",Full Time,Rp 3.750.000 – Rp 5.500.000 per month,2025-11-24T12:16:45.623584,3750000.0,5500000.0,4625000.0
Graphic Designer,PT Contromatic Prima Mandiri,"Tangerang, Banten
(Hibrid)",Full Time,Not Disclosed,2025-11-24T12:17:01.583372,,,
Desain Grafis,Almira Travel,"Pancoran, Jakarta Raya",Kontrak/Temporer,Rp 4.000.000 – Rp 5.000.000 per month,2025-11-24T12:17:09.818960,4000000.0,5000000.0,4500000.0
Graphic Designer (DG - GDTRV - 110),PT DECA,"Jakarta Utara, Jakarta Raya",Kontrak/Temporer,Not Disclosed,2025-11-24T12:17:26.202462,,,
Employer Branding Creative Designer,PT. Indonesia Premium Goods (Elvicto & Iswhite),"Bekasi, Jawa Barat",Full Time,Rp 6.000.000 – Rp 7.000.000 per month,2025-11-24T12:17:27.262843,6000000.0,7000000.0,6500000.0
Creative Graphic Designer & Visual Editor,PT Best Fortune Indonesia,"Jakarta Utara, Jakarta Raya",Full Time,Rp 8.000.000 – Rp 12.000.000 per month,2025-11-24T12:17:28.278004,8000000.0,12000000.0,10000000.0
Graphic Designer,Orang Tua Group,"Jakarta Barat, Jakarta Raya",Full Time,Not Disclosed,2025-11-24T12:17:44.865352,,,
Graphic Designer,PT Flexo Plate Digital,"Jatiuwung, Banten",Full Time,Rp 4.500.000 – Rp 6.000.000 per month,2025-11-24T12:17:45.818004,4500000.0,6000000.0,5250000.0
Graphic & Creative Designer,Dewa KTV,"Tangerang, Banten",Full Time,Rp 5.400.000 – Rp 8.000.000 per month,2025-11-24T12:17:46.837527,5400000.0,8000000.0,6700000.0
Graphic Designer,TalentGo,"Jakarta Raya
(Hibrid)",Full Time,Rp 8.000.000 – Rp 8.500.000 per month,2025-11-24T12:17:47.739446,8000000.0,8500000.0,8250000.0
Graphic Designer,Kabobs Premium Kebab,"Bandung, Jawa Barat",Full Time,Rp 4.200.000 – Rp 5.000.000 per month,2025-11-24T12:17:48.740304,4200000.0,5000000.0,4600000.0
Graphic / Visual Designer Supervisor,PT Zhongtsing New Energy,"Jakarta Selatan, Jakarta Raya",Full Time,Not Disclosed,2025-11-24T12:18:05.033334,,,
Graphic Designer,PT Gumindo Bogamanis,"Karawaci, Banten",Full Time,Not Disclosed,2025-11-24T12:18:21.362077,,,
Creative Graphic Designer,PT. SATU BISNIS INDONESIA,"Jakarta Utara, Jakarta Raya",Full Time,Rp 7.500.000 – Rp 11.000.000 per month,2025-11-24T12:18:22.276375,7500000.0,11000000.0,9250000.0
Graphic Designer,URBAN GLOW COSMETICS,"Jakarta Utara, Jakarta Raya",Full Time,Not Disclosed,2025-11-24T12:18:38.557185,,,
Desain Grafis,PT GIANDHI DUNIA REKREASI,"Jakarta Selatan, Jakarta Raya",Full Time,Not Disclosed,2025-11-24T12:18:55.044564,,,
Junior Graphic Designer (AI-Assisted Design + Basic Video Editing),CV Jago Kasih Solusi,Jakarta Raya,Full Time,Rp 4.500.000 – Rp 6.500.000 per month,2025-11-24T12:18:55.956586,4500000.0,6500000.0,5500000.0
Graphic Designer,The Lagoons Bali,Bali,Full Time,Not Disclosed,2025-11-24T12:19:12.240796,,,
Digital Graphic Designer,PT Santos Jaya Abadi,"Jakarta Pusat, Jakarta Raya",Full Time,Not Disclosed,2025-11-24T12:19:28.582202,,,
Senior Creative Design,PT Prima Hidup Lestari,"Jakarta Selatan, Jakarta Raya",Full Time,Not Disclosed,2025-11-24T12:19:44.947497,,,
Graphic Design,PT Yonming Indonesia,"Jakarta Utara, Jakarta Raya",Full Time,Rp 6.000.000 – Rp 9.000.000 per month,2025-11-24T12:19:45.856560,6000000.0,9000000.0,7500000.0
GRAPHIC DESIGNER,Pengiklan Anonim,"Jakarta Utara, Jakarta Raya",Full Time,Not Disclosed,2025-11-24T12:20:02.179452,,,
Graphic Designer,PT Macksons Mandiri Indonesia,Jakarta Raya,Full Time,Rp 5.000.000 – Rp 7.000.000 per month,2025-11-24T12:20:03.545292,5000000.0,7000000.0,6000000.0
Graphic Designer Staff (F&B),Jakarta FnB,"Jakarta Utara, Jakarta Raya",Full Time,Rp 5.000.000 – Rp 6.500.000 per month,2025-11-24T12:20:04.519254,5000000.0,6500000.0,5750000.0
GRAPHIC DESIGNER (Skilled in Videography Editing),PT Chiringuito Del Kabron (El Kabron Bali),"Badung, Bali",Full Time,Not Disclosed,2025-11-24T12:20:20.382506,,,
Graphic Designer Staff,PT Shape-Up Indonesia,"Jakarta Selatan, Jakarta Raya",Full Time,Not Disclosed,2025-11-24T12:20:36.717339,,,
Sr. Design Graphic,PT PERKAKAS SUMBER KARYA,"Kemayoran, Jakarta Raya",Full Time,Rp 6.000.000 – Rp 8.000.000 per month,2025-11-24T12:20:37.654044,6000000.0,8000000.0,7000000.0
Graphic Designer,CV Golden Technology Indo,"Jakarta Barat, Jakarta Raya",Full Time,Rp 5.500.000 – Rp 7.000.000 per month,2025-11-24T12:20:38.511127,5500000.0,7000000.0,6250000.0
Graphic Designer,Elnco Studio,"Kemayoran, Jakarta Raya",Full Time,Rp 4.000.000 – Rp 5.000.000 per month,2025-11-24T12:20:39.350203,4000000.0,5000000.0,4500000.0
Graphic Designer,Uper Education & Tour,"Jakarta Utara, Jakarta Raya",Full Time,Not Disclosed,2025-11-24T12:20:55.632109,,,
Visual Designer,PT Lafiye Mode Indonesia,"Jakarta Timur, Jakarta Raya",Full Time,Not Disclosed,2025-11-24T12:21:11.979060,,,
Graphic Designer (Officer),FKS Group,Jakarta Raya,Full Time,Not Disclosed,2025-11-24T12:21:28.390372,,,
Content Creator (Photo & Graphic Design),Owlet Babystuff,"Jakarta Barat, Jakarta Raya",Full Time,Rp 5.000.000 – Rp 7.000.000 per month,2025-11-24T12:21:29.259646,5000000.0,7000000.0,6000000.0
Multimedia Designer,PT Yakin Maju Sentosa,"Jakarta Barat, Jakarta Raya",Full Time,"Rp 6,000,000 – Rp 7,500,000 per month",2025-11-24T12:21:30.103577,6000000.0,7500000.0,6750000.0
Product Development Manager,PT Leon Boga Sentosa,"Jakarta Utara, Jakarta Raya",Full Time,Rp 12.000.000 – Rp 18.000.000 per month,2025-11-24T12:21:48.344458,12000000.0,18000000.0,15000000.0
Product Manager,PT Indocyber Global Teknologi,Jakarta Raya,Full Time,Not Disclosed,2025-11-24T12:22:05.107054,,,
Marketing Product Manager,PT Avia Avian Tbk,"Surabaya, Jawa Timur",Full Time,Not Disclosed,2025-11-24T12:22:21.564310,,,
PRODUCT MANAGER,Labora Mandiri Indo Pratama,Jakarta Raya,Full Time,Not Disclosed,2025-11-24T12:22:37.910019,,,
New Product Development Assistant Manager,PT Santos Jaya Abadi,"Jakarta Pusat, Jakarta Raya",Full Time,Not Disclosed,2025-11-24T12:22:54.353220,,,
Growth Product Manager,Fabs.co,"Jakarta Timur, Jakarta Raya
(Hibrid)",Full Time,Rp 13.000.000 – Rp 18.000.000 per month,2025-11-24T12:22:55.172038,13000000.0,18000000.0,15500000.0
Product Manager - Mobile Games,Creazy studio,"South Tangerang, Banten",Full Time,Not Disclosed,2025-11-24T12:23:11.951064,,,
Group Product Manager (Ethical),"PT Darya Varia Laboratoria, Tbk","Jakarta Selatan, Jakarta Raya",Full Time,Not Disclosed,2025-11-24T12:23:28.309784,,,
Product Manager,PT Cahaya Poles Mulia,"Surabaya, Jawa Timur",Full Time,Not Disclosed,2025-11-24T12:23:44.686481,,,
Product Manager,PT. Exinergy Indonesia,"Jakarta Barat, Jakarta Raya",Full Time,Not Disclosed,2025-11-24T12:24:01.003968,,,
Marketing Manager (FMCG for Food & Beverage Products),PT Want Want Indonesia,"South Tangerang, Banten",Full Time,Not Disclosed,2025-11-24T12:24:17.472193,,,
Senior Product Manager,"PT. BFI FINANCE INDONESIA, Tbk","Tangerang District, Banten
(Hibrid)",Full Time,Not Disclosed,2025-11-24T12:24:33.809589,,,
B to C Product Manager,PT Santosa Agrindo (Japfa Beef Division),Jakarta Raya,Full Time,Rp 20.000.000 – Rp 27.000.000 per month,2025-11-24T12:24:34.669702,20000000.0,27000000.0,23500000.0
Brand Associate,"PT Darya Varia Laboratoria, Tbk","Jakarta Selatan, Jakarta Raya",Full Time,Not Disclosed,2025-11-24T12:24:51.454894,,,
Senior Brand Manager (AstroTech),PT Astrindo Starvision,Jakarta Raya,Kontrak/Temporer,Rp 11.500.000 – Rp 12.000.000 per month,2025-11-24T12:24:52.339817,11500000.0,12000000.0,11750000.0
Product Brand & Marketing Manager (Lavere & Ruhee Diary),Everlash,"Jakarta Selatan, Jakarta Raya",Full Time,Not Disclosed,2025-11-24T12:25:09.142860,,,
Product Manager,Demandlane,"Jakarta Raya
(Jarak Jauh)",Full Time,Not Disclosed,2025-11-24T12:25:25.456313,,,
Social Media Manager,Flash Dental,"Jakarta Barat, Jakarta Raya",Full Time,Rp 13.000.000 – Rp 17.000.000 per month,2025-11-24T12:25:26.460797,13000000.0,17000000.0,15000000.0
Product Manager,PT FCS Solutions Indonesia,"Jakarta Barat, Jakarta Raya
(Hibrid)",Full Time,Not Disclosed,2025-11-24T12:25:42.995314,,,
PRODUCT MANAGER RETAIL,PT Agres Info Teknologi,"Jakarta Utara, Jakarta Raya",Full Time,Not Disclosed,2025-11-24T12:25:59.297151,,,
Product Manager - Compliance & Privacy,Demandlane,"Jakarta Raya
(Jarak Jauh)",Full Time,Not Disclosed,2025-11-24T12:26:15.688659,,,
Product Marketing for PlayStation,PT Sony Indonesia,"Jakarta Raya
(Hibrid)",Full Time,Not Disclosed,2025-11-24T12:26:32.108895,,,
Product Manager,PT Gavi Unggul Niaga Adika,"Jakarta Barat, Jakarta Raya",Full Time,Rp 10.000.000 – Rp 12.000.000 per month,2025-11-24T12:26:33.025446,10000000.0,12000000.0,11000000.0
Brand Manager (FMCG),Satoria Group,"Surabaya, Jawa Timur",Kontrak/Temporer,Not Disclosed,2025-11-24T12:26:49.392272,,,
Brand Manager,PT Aroma Prima Livindo,"Tangerang, Banten",Full Time,Rp15.000.000 – Rp20.000.000 per month,2025-11-24T12:26:50.277923,15000000.0,20000000.0,17500000.0
Technical Project Manager,PT Tigernix Solutions Indonesia,Kepulauan Riau,Kontrak/Temporer,Not Disclosed,2025-11-24T12:27:06.567591,,,
Product Manager - Networking,PT Suka Maju Gemilang,"Jakarta Utara, Jakarta Raya",Full Time,Rp 10.500.000 – Rp 14.000.000 per month,2025-11-24T12:27:07.608127,10500000.0,14000000.0,12250000.0
Product Manager,PT UMAX HUB INDONESIA,"Jakarta Barat, Jakarta Raya",Full Time,Not Disclosed,2025-11-24T12:27:24.072537,,,
Zonal Service Manager Indonesia,Atlas Copco (Thailand) Limited,"Jakarta Raya
(Hibrid)",Full Time,"Rp 17,000,000 – Rp 25,000,000 per month",2025-11-24T12:27:24.981195,17000000.0,25000000.0,21000000.0
Product Manager Elektronik,PT. INDOPINTAN ADI PERKASA,"Jakarta Utara, Jakarta Raya",Kontrak/Temporer,Rp 8.500.000 – Rp 12.000.000 per month,2025-11-24T12:27:26.351413,8500000.0,12000000.0,10250000.0
Account Manager for IoT Products,ZKTeco Indonesia,"Jakarta Utara, Jakarta Raya",Full Time,Rp 11.500.000 – Rp 17.000.000 per month,2025-11-24T12:27:27.228682,11500000.0,17000000.0,14250000.0
Brand Manager,Orang Tua Group,"Jakarta Barat, Jakarta Raya",Full Time,Not Disclosed,2025-11-24T12:27:43.524888,,,
Brand Manager (Hotto),PT. BERKAT KREASI GEMILANG,"Cipondoh, Banten",Kontrak/Temporer,Not Disclosed,2025-11-24T12:28:06.235396,,,
Product Manager HP Commercial,PT ECS Indo Jaya,Jakarta Raya,Full Time,Not Disclosed,2025-11-24T12:28:22.575872,,,
Brand Manager,Orang Tua Group,"Jakarta Barat, Jakarta Raya",Full Time,Not Disclosed,2025-11-24T12:28:38.921707,,,
Product Manager (IT),TurnkeyID,"Malang, Jawa Timur
(Jarak Jauh)",Kontrak/Temporer,Rp 5.700.000 – Rp 8.500.000 per month,2025-11-24T12:28:39.809243,5700000.0,8500000.0,7100000.0
RPM Manager (Aesthetic Product),CGBio Korea,"Jakarta Selatan, Jakarta Raya",Full Time,Not Disclosed,2025-11-24T12:28:56.140157,,,
Brand Manager,"PT Darya Varia Laboratoria, Tbk","Jakarta Selatan, Jakarta Raya",Full Time,Not Disclosed,2025-11-24T12:29:12.450237,,,
Associate Manager Product Development Engineer,PT Mattel Indonesia,"Cikarang Utara, Jawa Barat",Full Time,Not Disclosed,2025-11-24T12:29:28.828187,,,
Business Development Manager – Infrastructure (Surabaya-based),Hewlett Packard Enterprise,"Surabaya, Jawa Timur
(Hibrid)",Full Time,Not Disclosed,2025-11-24T12:29:45.222662,,,
Product Manager CyberSecurity,PT Phincon,Jakarta Raya,Full Time,Rp 10.000.000 – Rp 15.000.000 per month,2025-11-24T12:29:46.162158,10000000.0,15000000.0,12500000.0
Product Manager,PT Talentvis Consulting Indonesia,"Jakarta Selatan, Jakarta Raya",Full Time,Not Disclosed,2025-11-24T12:30:02.615924,,,
Product Development,PT Enlight Manajemen Indonesia,"Tangerang, Banten",Full Time,Rp 6.000.000 – Rp 7.000.000 per month,2025-11-24T12:30:04.142941,6000000.0,7000000.0,6500000.0
Product Manager,PT Tech Data Advanced Solutions Indonesia,Jakarta Raya,Full Time,Not Disclosed,2025-11-24T12:30:21.171962,,,
Software Engineer - Fullstack,PT Mid Solusi Nusantara (MEKARI),"Jakarta Raya
(Hibrid)",Full Time,Not Disclosed,2025-11-24T12:30:37.216874,,,
Product Development Manager (Beauty Industry),PT. Indonesia Premium Goods (Elvicto & Iswhite),"Bekasi, Jawa Barat",Full Time,Not Disclosed,2025-11-24T12:30:53.652284,,,
Lead Product Manager (Insurance),PT Solusi Transportasi Indonesia,Jakarta Raya,Full Time,Not Disclosed,2025-11-24T12:31:10.091174,,,
Assistant Product Manager,PT Kapal Api Global,"Jakarta Pusat, Jakarta Raya",Full Time,Not Disclosed,2025-11-24T12:31:26.481517,,,
Assistant Product Manager,Pengiklan Anonim,"Jakarta Pusat, Jakarta Raya",Full Time,Not Disclosed,2025-11-24T12:31:43.012245,,,
Product Management Executive,PT Esco Bintan Indonesia,Kepulauan Riau,Full Time,Not Disclosed,2025-11-24T12:31:59.601902,,,
GROUP BRAND MANAGER,PT Dua Berlian,Jakarta Raya,Full Time,Not Disclosed,2025-11-24T12:32:15.668116,,,
"Assistant Manager, Product Development & Improvement (Tobacco Background)",YSQ International Pte Ltd,"Malang, Jawa Timur",Kontrak/Temporer,Not Disclosed,2025-11-24T12:32:32.144636,,,
Product Manager Ophthal,PT Tawada Healthcare,"Jakarta Barat, Jakarta Raya",Full Time,Not Disclosed,2025-11-24T12:32:48.683729,,,
Marketing Manager (Stem Cell),PT. Daewoong Pharmaceutical Indonesia,"Jakarta Selatan, Jakarta Raya",Full Time,Not Disclosed,2025-11-24T12:33:05.074263,,,
BUSINESS DEVELOPMENT MANAGER (PHARMACEUTICAL),Pengiklan Anonim,"Jakarta Timur, Jakarta Raya",Full Time,Rp 20.000.000 – Rp 30.000.000 per month,2025-11-24T12:33:05.998410,20000000.0,30000000.0,25000000.0
Brand Manager (Baby Care),PT LUCKY MOM INDONESIA,"Jakarta Utara, Jakarta Raya",Full Time,Not Disclosed,2025-11-24T12:33:22.086323,,,
Brand Manager,BIENSI FESYENINDO (3SECOND GROUP),"Bandung Barat, Jawa Barat",Full Time,Not Disclosed,2025-11-24T12:33:38.673286,,,
BRANCH OFFICE MANAGER,PT Fastrata Buana (Distributor Kapal Api),"Pekanbaru, Riau",Full Time,Not Disclosed,2025-11-24T12:33:55.257414,,,
SAP Product Manager,PT Mitra Solusi Telematika,"Jakarta Selatan, Jakarta Raya",Full Time,Not Disclosed,2025-11-24T12:34:11.646457,,,
Product Manager,PT Jakarta Digital Nusantara,"Jakarta Barat, Jakarta Raya
(Hibrid)",Kontrak/Temporer,Rp 7.000.000 – Rp 10.500.000 per month,2025-11-24T12:34:12.616585,7000000.0,10500000.0,8750000.0
Product Development Specialist,HAUFF,"Bekasi, Jawa Barat",Full Time,Rp 7.000.000 – Rp 9.000.000 per month,2025-11-24T12:34:13.592127,7000000.0,9000000.0,8000000.0
Trainer (Home Appliances Specialist),PT Yongwang Electronics Indonesia,"Jakarta Barat, Jakarta Raya",Full Time,Not Disclosed,2025-11-24T12:34:30.071706,,,
Technical Product Manager,PT Trinusa Travelindo,"Jakarta Raya
(Hibrid)",Full Time,Not Disclosed,2025-11-24T12:34:46.492623,,,
Product Manager,PT Galenium Pharmasia Laboratories,Jakarta Raya,Full Time,Not Disclosed,2025-11-24T12:35:02.842916,,,
Supervisi HR,PT Baja Titian U,"Jakarta Selatan, Jakarta Raya",Full Time,Not Disclosed,2025-11-24T12:36:56.421186,,,
Recruitment Staff,PT Surya Cipta Sempurna,"Jakarta Barat, Jakarta Raya",Full Time,Rp 5.000.000 – Rp 6.500.000 per month,2025-11-24T12:36:57.211181,5000000.0,6500000.0,5750000.0
HC Officer,PT Manambang Muara Enim,"Jakarta Selatan, Jakarta Raya",Full Time,Not Disclosed,2025-11-24T12:37:13.612092,,,
HRGA Supervisor,PT Nayue Kosmetik Indonesia,"Cikarang Pusat, Jawa Barat",Full Time,Rp 8.000.000 – Rp 12.000.000 per month,2025-11-24T12:37:14.596466,8000000.0,12000000.0,10000000.0
HRGA Supervisor,PT Avia Avian Tbk,"Serang, Banten",Full Time,Not Disclosed,2025-11-24T12:37:30.494102,,,
Human Resources Manager,PT Aeroxspace Adventure Indonesia,"Denpasar, Bali",Full Time,Rp 7.000.000 – Rp 10.000.000 per month,2025-11-24T12:37:31.362844,7000000.0,10000000.0,8500000.0
HR Generalist Senior Staff (Industrial),PT Lawencon Internasional,"Jakarta Selatan, Jakarta Raya",Full Time,Not Disclosed,2025-11-24T12:37:47.723178,,,
Staff HRD,PT. Dofla Jaya Properti,"Padang, West Sumatra",Kontrak/Temporer,Rp 3.000.000 – Rp 4.000.000 per month,2025-11-24T12:37:48.611480,3000000.0,4000000.0,3500000.0
STAFF PERSONALIA,PT. PUSAT BANDAR BERDIKARI,Jakarta Raya,Full Time,Not Disclosed,2025-11-24T12:38:04.921274,,,
Human Resource Generalist,PT Global Prima Textilindo,"Jakarta Barat, Jakarta Raya",Full Time,Not Disclosed,2025-11-24T12:38:20.849200,,,
Talent Acquisition,BRIK Construction,"Tangerang, Banten",Kontrak/Temporer,Not Disclosed,2025-11-24T12:38:37.188437,,,
"HRGA Supervisor (Alam Sutera, Tangerang)",PT Trust Recruit Indonesia,"Tangerang, Banten",Full Time,Rp 10.000.000 – Rp 15.000.000 per month,2025-11-24T12:38:38.585352,10000000.0,15000000.0,12500000.0
Senior Human Resources Supervisor,TEKNO ORBIT PERSADA,"Jakarta Selatan, Jakarta Raya",Full Time,Rp 14.000.000 – Rp 16.000.000 per month,2025-11-24T12:38:39.406159,14000000.0,16000000.0,15000000.0
HRD (KPI Specialist - People Analytics),PT Kharisma Adhi Sejahtera,"Jakarta Utara, Jakarta Raya
(Hibrid)",Full Time,Rp 6.500.000 – Rp 9.000.000 per month,2025-11-24T12:38:40.198270,6500000.0,9000000.0,7750000.0
HR Recruitment & Training,PT Olympic Furniture Gemilang,"Bogor, Jawa Barat",Full Time,Rp 5.500.000 – Rp 7.500.000 per month,2025-11-24T12:38:41.071660,5500000.0,7500000.0,6500000.0
"Personnel Officer (Batam, Indonesia Stationed)",Simatelex Manufactory Co Ltd,"Batam, Kepulauan Riau",Full Time,Not Disclosed,2025-11-24T12:38:56.862446,,,
HR STAFF,PT Chemarome Indonesia,"Cikarang Timur, Jawa Barat",Full Time,Not Disclosed,2025-11-24T12:39:13.230352,,,
HR Generalist,Citra Jaya Plastik,"Tangerang, Banten",Full Time,Not Disclosed,2025-11-24T12:39:29.674350,,,
Human Recourses Staff,Institut Bisnis Dan Informatika Kwik Kian Gie,"Jakarta Utara, Jakarta Raya",Full Time,Not Disclosed,2025-11-24T12:39:45.988024,,,
Human Resource Development,PT Dinamika Polimerindo,"Jakarta Barat, Jakarta Raya",Full Time,Rp 5.500.000 – Rp 7.000.000 per month,2025-11-24T12:39:46.840792,5500000.0,7000000.0,6250000.0
HR Operations,Pengiklan Anonim,"Jakarta Selatan, Jakarta Raya",Full Time,Not Disclosed,2025-11-24T12:40:03.108009,,,
HR Strategic Officer,PT Pulau Sambu,"Jakarta Utara, Jakarta Raya",Full Time,Not Disclosed,2025-11-24T12:40:19.494708,,,
HR Generalist,PT YUXI Jayatama Indonesia,"Jakarta Utara, Jakarta Raya",Full Time,Rp 7.000.000 – Rp 10.000.000 per month,2025-11-24T12:40:20.409347,7000000.0,10000000.0,8500000.0
HR Manager,PT Talentvis Consulting Indonesia,"Jakarta Utara, Jakarta Raya",Full Time,Rp 13.500.000 – Rp 20.000.000 per month,2025-11-24T12:40:21.322439,13500000.0,20000000.0,16750000.0
HR Specialist,PT Argos Inovasi Indonesia,"Cileungsi, Jawa Barat",Full Time,Not Disclosed,2025-11-24T12:40:37.240385,,,
HRD Staff,PT Karutama Selaras,"Jakarta Barat, Jakarta Raya",Full Time,Not Disclosed,2025-11-24T12:40:53.659007,,,
HR - Recruitment Junior Staff,Pengiklan Anonim,"Cikarang Selatan, Jawa Barat",Kontrak/Temporer,"Rp 6,400,000 – Rp 7,000,000 per month",2025-11-24T12:40:54.538143,6400000.0,7000000.0,6700000.0
Staf HRD,"KAP Kanaka Puradiredja, Suhartono",Jakarta Raya,Full Time,Not Disclosed,2025-11-24T12:41:10.894998,,,
HRGA Manager (Jakarta),PT. Central Cipta Murdaya,Jakarta Raya,Full Time,Not Disclosed,2025-11-24T12:41:27.189147,,,
HR DIRECTOR (People & Culture),PT DHANAJAYA BOGAINDO,"Jakarta Selatan, Jakarta Raya",Full Time,Not Disclosed,2025-11-24T12:41:43.187169,,,
Human Resource Business Partner,PT Fuse Group,"Jakarta Pusat, Jakarta Raya",Full Time,Not Disclosed,2025-11-24T12:41:59.113356,,,
Human Resources,Heura,"Kelapa Gading, Jakarta Raya",Full Time,Not Disclosed,2025-11-24T12:42:15.040280,,,
Human Resources,Heura,"Kelapa Gading, Jakarta Raya",Full Time,Not Disclosed,2025-11-24T12:42:38.221514,,,
SUPERVISOR HRD,CV Cahaya maju,"Surabaya, Jawa Timur",Kontrak/Temporer,Rp 5.000.000 – Rp 6.500.000 per month,2025-11-24T12:42:39.096163,5000000.0,6500000.0,5750000.0
HR Generalist,WINOD RITEL INDONESIA,"Central Karang, Banten",Kontrak/Temporer,Not Disclosed,2025-11-24T12:42:55.040019,,,
HRD Officer,PT.  Universal Eco Pasific,"Jakarta Pusat, Jakarta Raya",Full Time,Not Disclosed,2025-11-24T12:43:11.042155,,,
Admin HR dan GA,Paramatex,Bali,Full Time,Not Disclosed,2025-11-24T12:43:27.141524,,,
Recruitment Staff,PT Elangperdana Tyre Industry,"Citeureup, Jawa Barat",Full Time,Rp 5.500.000 – Rp 7.000.000 per month,2025-11-24T12:43:28.024782,5500000.0,7000000.0,6250000.0
HR,INTERNASIONAL BELANJA JAYA,"Jakarta Barat, Jakarta Raya",Full Time,Rp 4.000.000 – Rp 5.000.000 per month,2025-11-24T12:43:28.829841,4000000.0,5000000.0,4500000.0
HRD STAFF,PT Kencana Sukses Otomotif,"Jakarta Utara, Jakarta Raya",Full Time,Rp 5.500.000 – Rp 6.500.000 per month,2025-11-24T12:43:30.174724,5500000.0,6500000.0,6000000.0
HR Generalist,PT Posco Indonesia Jakarta Processing Center,"Karawang, Jawa Barat",Full Time,Rp 6.500.000 – Rp 9.000.000 per month,2025-11-24T12:43:31.093415,6500000.0,9000000.0,7750000.0
HRD Staff,PT PACIFIC REFUTO SYSTEM,"Karawaci, Banten",Full Time,Rp 4.900.000 – Rp 5.000.000 per month,2025-11-24T12:43:31.906263,4900000.0,5000000.0,4950000.0
Human Capital & General Affairs Manager,Vapexpress Group,"Bogor, Jawa Barat",Full Time,Rp 15.000.000 – Rp 20.000.000 per month,2025-11-24T12:43:32.744627,15000000.0,20000000.0,17500000.0
Recruiter Specialist,PT ODG Indonesia,Jakarta Raya,Kontrak/Temporer,Rp 7.000.000 – Rp 9.000.000 per month,2025-11-24T12:43:33.547149,7000000.0,9000000.0,8000000.0
HR Project Specialist,PT.Global Papua Abadi,"Jakarta Selatan, Jakarta Raya",Full Time,Not Disclosed,2025-11-24T12:43:49.483523,,,
HR & GA Supervisor,PT Olympic Furniture Gemilang,"Sukabumi, Jawa Barat",Full Time,Not Disclosed,2025-11-24T12:44:05.555836,,,
Hrd Staff,Pengiklan Anonim,"Jakarta Pusat, Jakarta Raya",Full Time,Rp 6.000.000 – Rp 8.000.000 per month,2025-11-24T12:44:06.441546,6000000.0,8000000.0,7000000.0
HR RECRUITMENT,PT Graha Jaya Pratama Kinerja,"Jakarta Barat, Jakarta Raya",Full Time,Not Disclosed,2025-11-24T12:44:22.477473,,,
HR OFFICER,PT. Aseli Dagadu Djokdja,Di Yogyakarta,Full Time,Not Disclosed,2025-11-24T12:44:38.451582,,,
Human Resources Generalist,Daewoong Bio Indonesia,Bali,Full Time,Not Disclosed,2025-11-24T12:44:54.419726,,,
Summits Group Indonesia – HR Specialist (People & Operations Team),PT.MYVENUS NETWORK INDONESIA,Jakarta Raya,Full Time,Not Disclosed,2025-11-24T12:45:10.339491,,,
HR Generalist,PT SINOPACIFIC PERALATAN INDONUSA,"Jakarta Utara, Jakarta Raya",Full Time,Rp 4.500.000 – Rp 6.000.000 per month,2025-11-24T12:45:11.223815,4500000.0,6000000.0,5250000.0
Recruitment Staff (6 Months),PT Griya Miesejati (Bakmi GM),"Jakarta Barat, Jakarta Raya",Full Time,Not Disclosed,2025-11-24T12:45:27.193795,,,
HRGA Supervisor,PT. Manggala Boga Niaga,"Ciledug, Banten",Full Time,Not Disclosed,2025-11-24T12:45:43.214427,,,
People & Culture Administrator (Alam Sutera),IKEA Indonesia,"Tangerang, Banten",Full Time,Not Disclosed,2025-11-24T12:45:59.166923,,,
Senior HRD,Good Dentist Indonesia,"Wonokromo, Jawa Timur",Kontrak/Temporer,Rp 8.000.000 – Rp 10.000.000 per month,2025-11-24T12:46:00.064988,8000000.0,10000000.0,9000000.0
Human Resources Supervisor,Kula Mani Tennis Village,"Ubud, Bali",Full Time,Not Disclosed,2025-11-24T12:46:15.980821,,,
HRGA Staff,PT. Berkat Maritim Abadi,"Jakarta Utara, Jakarta Raya",Full Time,Rp 5.000.000 – Rp 7.000.000 per month,2025-11-24T12:46:16.914345,5000000.0,7000000.0,6000000.0
Human Resource,CV. MEKAR JAYA,"Jakarta Utara, Jakarta Raya",Kontrak/Temporer,Rp 4.000.000 – Rp 4.500.000 per month,2025-11-24T12:46:17.840286,4000000.0,4500000.0,4250000.0
HR Generalist,PT.SELALU BAHAGIA SEJAHTERA,"Jakarta Utara, Jakarta Raya",Full Time,Not Disclosed,2025-11-24T12:46:34.012573,,,
HR Officer,PT Syaqua Indonesia,Aceh,Full Time,Not Disclosed,2025-11-24T12:46:50.062901,,,
HRGA Officer,PT Aica Indria,"Jakarta Timur, Jakarta Raya",Full Time,Not Disclosed,2025-11-24T12:47:06.387903,,,
HRD Staff,PT Asietex Sinar Indopratama,"Cikampek, Jawa Barat",Kontrak/Temporer,Rp 4.000.000 – Rp 5.000.000 per month,2025-11-24T12:47:07.297416,4000000.0,5000000.0,4500000.0
HR Data & Travel Administration Staff,IDS Medical Systems Group,Jakarta Raya,Full Time,Not Disclosed,2025-11-24T12:47:23.605354,,,
Corporate Planning,PT Asuransi MSIG Indonesia,"Jakarta Selatan, Jakarta Raya
(Hibrid)",Full Time,Not Disclosed,2025-11-24T12:47:57.780963,,,
Finance Analyst (Biodisel),"PT SMART,Tbk","Jakarta Pusat, Jakarta Raya",Full Time,Not Disclosed,2025-11-24T12:48:14.094481,,,
Corporate Business Development Analyst,SAHID HOTEL & RESORTS,"Jakarta Pusat, Jakarta Raya",Full Time,Rp 15.000.000 – Rp 20.000.000 per month,2025-11-24T12:48:14.974336,15000000.0,20000000.0,17500000.0
Financial Analyst,PT Pendekar Bodoh,"Jakarta Barat, Jakarta Raya",Kontrak/Temporer,Not Disclosed,2025-11-24T12:48:31.315032,,,
Head of Financial Analyst,PT Morula Indonesia,"Jakarta Pusat, Jakarta Raya",Kontrak/Temporer,Not Disclosed,2025-11-24T12:48:47.647838,,,
Financial Analyst,PT Matahari Department Store Tbk,"Tangerang, Banten",Full Time,Not Disclosed,2025-11-24T12:49:04.487172,,,
Financial Institution Ratings Analyst,PT Pemeringkat Efek Indonesia (PEFINDO),"Jakarta Selatan, Jakarta Raya
(Hibrid)",Full Time,Not Disclosed,2025-11-24T12:49:20.821191,,,
Financial Reporting Staff,"PT Darya Varia Laboratoria, Tbk","Jakarta Selatan, Jakarta Raya",Full Time,Not Disclosed,2025-11-24T12:49:37.153116,,,
Financial Analyst,Pengiklan Anonim,"Jakarta Selatan, Jakarta Raya",Full Time,Not Disclosed,2025-11-24T12:49:53.463680,,,
Business & Strategy Analyst,PT Upartners Sukses Bersama,"Jakarta Barat, Jakarta Raya",Full Time,Rp 9.000.000 – Rp 10.000.000 per month,2025-11-24T12:49:54.301439,9000000.0,10000000.0,9500000.0
Corporate Planning Analyst,PT Indika Indonesia Resources (Indika Energy Group),"Jakarta Selatan, Jakarta Raya",Full Time,Not Disclosed,2025-11-24T12:50:10.627405,,,
Corporate Finance Analyst,PT Enlight Manajemen Indonesia,"Tangerang, Banten",Full Time,Rp 7.000.000 – Rp 10.000.000 per month,2025-11-24T12:50:11.519293,7000000.0,10000000.0,8500000.0
Finance Analyst (Mandarin Speaker),PT Delonix Group Indonesia,"Jakarta Barat, Jakarta Raya",Full Time,Not Disclosed,2025-11-24T12:50:27.831435,,,
Data Analyst,PT Matahari Department Store Tbk,"Karawaci, Banten",Full Time,Not Disclosed,2025-11-24T12:50:44.090352,,,
Business Analyst,PT Samudra Utama Narapati,"Jakarta Barat, Jakarta Raya",Full Time,Not Disclosed,2025-11-24T12:51:00.356575,,,
Finance Analyst Application Manager - Healthcare,PT Trust Recruit Indonesia,"Tangerang, Banten",Full Time,Rp 20.000.000 – Rp 25.000.000 per month,2025-11-24T12:51:01.198478,20000000.0,25000000.0,22500000.0
Strategic Planning Specialist,PT RUKUN RAHARJA Tbk,"Jakarta Pusat, Jakarta Raya",Full Time,Not Disclosed,2025-11-24T12:51:17.665833,,,
Financial Analyst,PT Polindo Utama,"Tangerang, Banten",Kontrak/Temporer,Not Disclosed,2025-11-24T12:51:34.049015,,,
Finance Analyst Manager,PT Trust Recruit Indonesia,"South Tangerang, Banten",Full Time,Not Disclosed,2025-11-24T12:51:50.488183,,,
IT Project Management,PT Buana Finance Tbk,"Jakarta Selatan, Jakarta Raya",Full Time,Not Disclosed,2025-11-24T12:52:06.810898,,,
Corporate Finance - Energy (C-124501),RGF HR Agent Indonesia,Jakarta Raya,Full Time,Rp 12.000.000 – Rp 18.000.000 per month,2025-11-24T12:52:08.803172,12000000.0,18000000.0,15000000.0
Financial Analyst,PT Himalaya Wellness Indonesia,"Kelapa Gading, Jakarta Raya
(Hibrid)",Full Time,Not Disclosed,2025-11-24T12:52:25.170114,,,
Finance Analyst Manager - Healthcare Industry,PT Trust Recruit Indonesia,Jakarta Raya,Full Time,Rp 20.000.000 – Rp 25.000.000 per month,2025-11-24T12:52:26.067929,20000000.0,25000000.0,22500000.0
Trade Finance Analyst (Banking),PT. Wide Technologies Indonesia,"Jakarta Selatan, Jakarta Raya",Full Time,Not Disclosed,2025-11-24T12:52:42.495630,,,
Finance Analyst,PT Trinusa Travelindo,Jakarta Raya,Full Time,Not Disclosed,2025-11-24T12:52:58.814667,,,
Finance Analyst Staff,PT Halmahera Persada Lygend,"Jakarta Pusat, Jakarta Raya",Full Time,Not Disclosed,2025-11-24T12:53:15.222454,,,
Senior Financial Planning & Analyst Specialist,PT Organik Sehat Alami,"Jakarta Selatan, Jakarta Raya",Full Time,Not Disclosed,2025-11-24T12:53:31.504323,,,
Senior Financial Planning & Analyst Specialist,GRATYO Global Awards Winning Business Coaching Company,"Jakarta Utara, Jakarta Raya",Full Time,Rp 18.000.000 – Rp 25.000.000 per month,2025-11-24T12:53:32.389592,18000000.0,25000000.0,21500000.0
"Corporate Planning, Investor Relation & ERM Assistant Manager",PT Daidan Aditama Yaksa,"Jakarta Pusat, Jakarta Raya",Full Time,Not Disclosed,2025-11-24T12:53:48.828460,,,
Junior Finance Accounting Analyst,PT Mega Niaga Sejahtera,"Bogor, Jawa Barat",Kontrak/Temporer,Not Disclosed,2025-11-24T12:54:05.257691,,,
FINANCIAL ANALYST,PT Ega Tekelindo Prima,Jakarta Raya,Full Time,Rp 10.000.000 – Rp 12.000.000 per month,2025-11-24T12:54:06.100600,10000000.0,12000000.0,11000000.0
Corporate Finance Analyst,Daily Company,"Jakarta Selatan, Jakarta Raya",Kontrak/Temporer,Not Disclosed,2025-11-24T12:54:22.475820,,,
Corporate Finance (Funding) Manager,PT. Venteny Fortuna International TBK,"Jakarta Selatan, Jakarta Raya",Full Time,Not Disclosed,2025-11-24T12:54:45.566005,,,
RETAIL BUDGET MANAGEMENT,PT ACCENTUATES,"Jakarta Pusat, Jakarta Raya",Kontrak/Temporer,Rp 17.000.000 – Rp 20.000.000 per month,2025-11-24T12:54:46.410000,17000000.0,20000000.0,18500000.0
Senior Finance and Accounting,PT Mitra Agro Global,"Jakarta Pusat, Jakarta Raya",Full Time,Not Disclosed,2025-11-24T12:55:02.694798,,,
Marketing Manager,PT Reins Marindo Indonesia,"Jakarta Pusat, Jakarta Raya",Full Time,Not Disclosed,2025-11-24T12:55:19.054394,,,
Senior Corporate Finance,PT Sarana Yukti Bandhana,"Jakarta Selatan, Jakarta Raya",Full Time,Not Disclosed,2025-11-24T12:55:35.411285,,,
Senior Product Finance Analyst - Invoicing & Collection,PT Trinusa Travelindo,Jakarta Raya,Full Time,Not Disclosed,2025-11-24T12:55:51.737980,,,
Financial Planning & Analysis Specialist,PT Porto Indonesia Sejahtera,"Jakarta Utara, Jakarta Raya",Full Time,Not Disclosed,2025-11-24T12:56:08.047816,,,
Commercial Finance Analyst,PT Michael Page Internasional Indonesia,"Cikarang Utara, Jawa Barat",Full Time,Not Disclosed,2025-11-24T12:56:24.332232,,,
Fintech Credit Analyst,PT. Sahabat Mikro Fintek,Jakarta Raya,Full Time,Not Disclosed,2025-11-24T12:56:40.768988,,,
Finance Planning & Analysis Manager,PT Tibeka Logistik Indonesia,"Jakarta Selatan, Jakarta Raya",Full Time,Not Disclosed,2025-11-24T12:56:57.146929,,,
Financial Planning and Analysis Executive,Pengiklan Anonim,"Balikpapan, Kalimantan Timur",Full Time,Not Disclosed,2025-11-24T12:57:13.496839,,,
FINANCE BUSINESS PARTNER,PT ISS INDONESIA (Bintaro),"South Tangerang, Banten",Full Time,Not Disclosed,2025-11-24T12:57:29.863516,,,
Strategic Development,PT Zhongtsing New Energy,"Jakarta Selatan, Jakarta Raya",Full Time,Not Disclosed,2025-11-24T12:57:46.219354,,,
Corporate Business Analyst Staff,PT. MEKAR ARMADA INVESTAMA,"Jakarta Pusat, Jakarta Raya",Full Time,Not Disclosed,2025-11-24T12:58:02.510665,,,
Staff Financial Analyst / Accounting,PT Mazta Farma,"Jakarta Barat, Jakarta Raya",Full Time,Not Disclosed,2025-11-24T12:58:18.835919,,,
Operational Business Analyst,Cartrack Technologies Indonesia,"Jakarta Selatan, Jakarta Raya",Full Time,Competitive Reimuneration,2025-11-24T12:58:19.724896,,,
Costing and Management Reporting Specialist,ASIA PULP AND PAPER,"Cikupa, Banten",Full Time,Not Disclosed,2025-11-24T13:00:01.795631,,,
FP&A Manager,PT Brinks Solutions Indonesia,"Kebayoran Lama, Jakarta Raya",Full Time,Not Disclosed,2025-11-24T13:00:18.289849,,,
Business Analyst (Qualitative Research),PT GLOBAL LOYALTY INDONESIA,Banten,Kontrak/Temporer,Not Disclosed,2025-11-24T13:00:34.696575,,,
Senior Finance & Investment Manager,Haven Foods,"Surabaya, Jawa Timur",Full Time,Rp 9.000.000 – Rp 12.000.000 per month,2025-11-24T13:00:35.677950,9000000.0,12000000.0,10500000.0
Corporate Planning,PT PERMODALAN NASIONAL MADANI,"Jakarta Selatan, Jakarta Raya",Kontrak/Temporer,Rp 7.000.000 – Rp 8.000.000 per month,2025-11-24T13:00:36.638162,7000000.0,8000000.0,7500000.0
Treasury Operations Analyst,PT Chandra Asri Pacific Tbk,Jakarta Raya,Full Time,Not Disclosed,2025-11-24T13:00:53.142950,,,
Corporate Planning Assistant Manager,PT Yusen Logistics Puninar Indonesia,"Jakarta Timur, Jakarta Raya",Full Time,Not Disclosed,2025-11-24T13:01:09.548994,,,
Strategic Planning and Corporate Finance Senior Staff,PT Asthanesia Global Investama,"Bogor, Jawa Barat",Full Time,Not Disclosed,2025-11-24T13:01:25.908684,,,
General Ledger Specialist,Pengiklan Anonim,"Jakarta Selatan, Jakarta Raya",Full Time,Not Disclosed,2025-11-24T13:01:42.310849,,,
SENIOR FINANCE BUSINESS PARTNER,"PT AKR Corporindo, Tbk","Jakarta Barat, Jakarta Raya",Full Time,Not Disclosed,2025-11-24T13:01:58.608578,,,
Investment Associate - Securities / Investment Trusts (C-124097),RGF HR Agent Indonesia,Jakarta Raya,Full Time,Rp 28.000.000 – Rp 35.000.000 per month,2025-11-24T13:01:59.470006,28000000.0,35000000.0,31500000.0
